id;branchname;branchcode;approved;email;address;phone;location;contactperson;remarks;createdby;createdon;approvedby;approvedon;checkerremarks;deletedby;deletedon;deleteremarks;deleted;declined;declineddon;declinedby;sessionid;reworked;reworkedby;reworkedon;district;region;regionname;reporting
1;near against boohoo;pri;30608;Eliseo11@hotmail.com;as;965.742.3197;representation yum pillbox;giant;while;self-confidence;2025-01-20T15:08:38;enroll kooky consequ;wide-ey;aside tensely colorize;final emphasize;2025-01-20T16:17:28;above boo;6737;21210;sedatel;blah far an;atop;15939;sell consequently;2025-01-20T14:29:20;obligation circa heating;monumental;um;27023
2;awful perspire;usu;3044;Name_Streich-Wolf43@yahoo.com;at yum;1-272-763-20;notwithstanding reboot supposing;gloom so uh-huh;enthusiastically belabor whoever;ick;2025-01-20T10:31:19;spark notwithstandin;jam-pac;trial;throughout besides r;2025-01-20T12:58:56;heartache waterspout slowly;10875;11784;for hmp;fooey iridescence;despite uh-huh um;28596;fruitful outlandish ;2025-01-20T09:59:08;without;zowie;till;31409
3;furthermore speedily;wil;1592;Jamar8@hotmail.com;why mould than;498.540.5873;boohoo moist shush;snoopy lest punctually;sunder dream;aha exactly;2025-01-20T23:17:22;before among phooey;in-joke;intensely;pfft structure;2025-01-20T14:59:09;pro well-groomed;11759;14600;colliga;meh kissingly;golden mechanic fina;8951;hmph;2025-01-21T00:28:46;instance intently;bolster;elevator sushi exonerate;13951
4;puzzled;dow;8083;Heidi.MacGyver@yahoo.com;although yippee;527.691.5849;devastation deceivingly afterwards;kindly er;boldly lest hepatitis;drowse;2025-01-20T13:01:11;tabletop triumphantl;at galv;far;denitrify;2025-01-21T07:13:54;swim coordinated;31231;22061;where m;editor collectivizat;representation ha mi;1288;accidentally exalted;2025-01-20T10:08:33;pike between;though norm;blah plus;4592
5;ah;enh;17056;Ramona.Hickle@yahoo.com;through honestly;(842) 803-63;wee whenever;secondary;petticoat brr;plumber about rot;2025-01-21T04:49:43;riser;whereas;make;even;2025-01-21T05:32:18;hence;8863;924;probabl;including;cruelty;11884;joyfully;2025-01-21T02:33:42;ugh;successfully;sting fooey;23046
6;serve fooey although;nor;18418;Amya98@yahoo.com;only since without;(529) 471-11;noisily fondly;rapidly;dulcimer consequently;boastfully tousle wh;2025-01-20T23:42:41;expatiate massage br;jut pss;hmph;hm meaningfully;2025-01-20T12:41:03;mechanically;6977;4154;when ph;battle oxidize penin;absolve smooth times;20148;chunder;2025-01-20T18:55:25;except against;everlasting obedience;yet bob;3455
7;near besides yuck;vet;19026;Lemuel_Marvin@yahoo.com;linseed nippy maroon;242.225.5617;reluctantly;bus gadzooks couch;deprave;dwell;2025-01-21T04:56:24;whoa ferociously;inborn;after;next against wonderf;2025-01-20T14:28:03;exaggerate;4872;21212;whose w;gadzooks;approach ravel narro;21070;helplessly quantify;2025-01-21T06:14:47;pish;moisten;jaggedly bob nervously;23586
8;vastly;mmm;18433;Jermaine_Heller@gmail.com;teriyaki soliloquy;1-533-747-21;astride against thick;burgeon wobbly;midst;gift hospitalization;2025-01-20T13:16:02;apropos including;godfath;whose;pish dead enrage;2025-01-20T17:17:41;gosh;11663;9461;absentm;daddy;urgently;3196;scaly;2025-01-21T06:18:24;goose ew flash;almost;blight mobilise empty;16259
9;mortally why yowza;tha;6963;Sid.Stroman84@yahoo.com;flustered;(826) 826-08;daughter;yowza;ugh search upliftingly;hmph bogus and;2025-01-21T01:50:49;eek eggplant;whereve;woot ha;structure;2025-01-20T10:18:02;unless aha perp;31224;9717;if impo;per;voluntarily bend wee;32180;catalyze;2025-01-20T18:28:17;bustling coolly;doorpost;gratefully whether loyally;18207
10;splendid opposite per;int;2945;Barney.Klocko79@gmail.com;brr voluminous;(869) 448-02;cleverly considerate;hm fixed powerfully;commonly wolf fearless;delightfully parsnip;2025-01-20T10:34:54;gadzooks gentle;woot;onto geez;amidst;2025-01-20T22:04:39;worriedly anti veto;27485;1965;gosh th;nudge buzzing and;geez intensely flash;5064;an strictly;2025-01-20T22:35:58;seldom dependent;stable;now elevator;32310
