id;customername;phonenumber;cardnumber;accountnumber;lang;pin;firstlogin;active;registered;cstdelete;regdate;alertenabled;remark;imsi;partiallyregistered;partialdate;registerdate;approved;approvedby;approveddate;declined;declinedby;declineddate;checkerremarks;postaladdress;residence;dob;createdby;emailaddress;identificationid;addaccount;aclinkinginstitution;deactivated;deactivatedby;deactivatedon;phonenochanged;phonenochangedby;phonenochangedon;originalphoneno;newphoneno;reset;resetinginstitution;pinresetremark;resetby;reseton;unblockinginstitution;pinblock;pinblockby;pinblockremarks;blockinginstitution;pinblockon;approvedon;pinunblockby;loggedin;trials;idtype;idnumber;gender;cif;dateofbirth;remarks;resetimsi;imsiresetby;firstname;secondname;lastname;pinblocktime;customerstatus;username;password;deviceid;channel;passreset;passresetby;passreseton;passblock;passblockby;passblockon;pinmarkblock;passmarkblock;passresetremarks;passblockremarks;passunblockby;passtrials;appactive;lastlogin;appmarkeddisable;disableby;approvedisableby;appmarkedenable;enableby;approvedenableby;markeddeactivate;appfirstlogin;atmtrials;shorcuts;markedactivate;town;approveddisableon;disabledon;resetapproveon;deletedby;questionsasked;questionstrials;questionsanswered;validotp;activatedby;activatedon;branchcode
1;seemingly;for;ecliptic;insert mechanically;rule fashi;boulevard;d;s;18491;16900;2025-01-21T02:00:08;3609;well-lit;rim around gadzooks;v;2025-01-21T00:10:12;2025-01-21T05:32:11;11449.46;folklore daily;2025-01-21T03:52:38;27079.28;huzzah;2025-01-20T11:43:26;passionate duh graft;splurge;oblong who phooey;2025-01-21T05:55:52;chubby selfishly;out ha everlasting;woot notwithstanding;16257.02;absentmindedly bind;4148.32;shell vacation slip;2025-01-20T23:42:54;23554.09;eek brand daughter;2025-01-20T23:53:31;doting infamous;amongst;23988.39;quarrel toward;knottily;mash;2025-01-20T09:43:00;saw;24266.05;upright plus uh-huh;lender;distinction given as;2025-01-21T06:05:29;2025-01-20T11:20:23;bogus although gee;2372;cinder;capitalise yippee em;worth;v;who;2025-01-20T12:26:05;by whoa;8953.74;once lobster upward;misappropriate stratify oh;marten;bossy yahoo gosh;another;why;than;kettledrum strait;who mobilize parallel;scarcely bank;30429.48;yuck;2025-01-20T09:24:56;25224.38;expense always;2025-01-20T14:38:29;30711.7;9538.81;quart;above;save vague meanwhile;32166.35;13350;yahoo;28016.15;throughout round unruly;without procrastinate doodle;19560.48;within appertain pinion;um times;13450.99;since;5822.86;zowie;worth;misspend pomelo;2025-01-20T14:42:01;2025-01-20T20:40:50;2025-01-20T18:04:57;bump fuzzy;noisily;but cautious;ha;8126.2;impractical solemnly um;2025-01-20T10:08:23;whose until around
2;ignorant by;transcend fr;ick poorly um;anti;boss meh;language;p;f;16157;19754;2025-01-21T05:04:02;1365;pfft;however next pessimistic;t;2025-01-21T03:09:47;2025-01-21T00:27:46;9228.92;attest worthless thankfully;2025-01-20T18:55:46;25116.79;shipper;2025-01-21T07:56:52;an stump;last;ick;2025-01-20T17:48:16;perfectly if mmm;fooey;ick;5521.91;once proofread;25362.25;readmit;2025-01-20T10:55:40;5983.91;trusty almighty masquerade;2025-01-21T01:39:40;lovingly huzzah;assail whose;12038.39;violin hypothesize conceptualize;lively bashfully;amid except;2025-01-20T22:03:10;pro because;23730.51;frightened though scornful;quintessential yuck;ultimately nor yahoo;2025-01-20T18:27:09;2025-01-21T02:29:45;acquire beneath;2100;postbox daily;because;who far;a;slide;2025-01-20T19:19:45;astonishing likewise;31640.86;knowingly pause delectable;degrease lovely;unexpectedly toe recommendation;questionable indeed meanwhile;specifi;sparkling modulo pish;almost whose;certification ick;meaty coop;lean;23192.94;spiteful ill sundae;2025-01-20T23:47:02;5040.96;phew;2025-01-21T01:14:46;30512.83;4123.37;supposing;turret once;athwart;17372.17;19038;pulverize advocate formal;3770.84;pigsty finer;fiddle;5041.32;augment really;seemingly howl rarely;19627.09;befor;7476.49;mundane;clone saw;meaningfully oh impractical;2025-01-20T11:37:03;2025-01-21T04:24:10;2025-01-20T19:12:07;sign dull clear;nervously;oof fatally pastel;radiant hence scary;18020.89;cricket obediently to;2025-01-20T17:11:22;between moment pfft
3;stool char maroon;dishearten;synergy;likewise fixed;ew;sizzle;i;e;18675;3398;2025-01-20T20:15:38;13484;stay lest provided;fax alongside;w;2025-01-21T07:49:17;2025-01-20T15:35:17;7141;now furthermore among;2025-01-21T05:47:38;18444.05;tenement worth;2025-01-21T03:10:09;watery ack;urgently so peter;ick cook realistic;2025-01-20T10:01:31;massage;ugh hence gah;broken populist;20474.79;ouch pro when;2458.73;loudly;2025-01-21T06:39:22;32747.1;railway draw shocked;2025-01-20T12:08:43;wildly shore wisely;during diagram table;16422.74;alongside guzzle;wombat whether curl;coal;2025-01-20T15:06:35;stitcher;17745.49;form geez;at what;boo;2025-01-21T08:27:35;2025-01-21T08:56:20;given dependent yuck;13391;mmm yippee;attend;unless yowza;u;yet standard;2025-01-20T20:10:35;foolish roadway;15808.6;toward;aw closed easy;condense;ick;mask gu;yuck;fundraising venom now;wherever round palatable;league overspend;where;27109.64;spectate near;2025-01-20T23:23:25;27007.98;musty blind inculcate;2025-01-20T10:44:14;9927.74;13581.03;versus;aw until swing;knight woot remarkable;13254.48;12656;how;18439.38;upward overburden;although interestingly;12852.85;owlishly;likewise season;12296.78;grues;12419.34;physically neglect;linseed yowza whereas;aw;2025-01-20T14:25:32;2025-01-20T12:59:56;2025-01-20T19:26:44;bah whether;through object nearly;expatiate;finally gloom oof;5248.65;misspend blah entrench;2025-01-20T15:47:50;paltry inwardly reflecting
4;beneath;petal aha;councilman;where or;endow fall;given despite;t;l;1967;14123;2025-01-20T21:23:50;10668;motionless tennis acknowledge;treble;p;2025-01-20T15:02:41;2025-01-21T00:19:52;24719.59;once boyfriend laughter;2025-01-20T15:37:43;9082.79;seriously splash;2025-01-20T15:32:13;split;masterpiece;whoa frankly amidst;2025-01-20T17:52:22;lest;forage unless;reckon cope;7658.95;that motivate fooey;13215.11;whereas but;2025-01-20T19:50:30;12325.96;whenever;2025-01-20T21:13:37;than;exonerate;31860.34;less;knowledgeably;vice serve;2025-01-20T09:09:00;boastfully zowie;32370.3;state;hmph;spellcheck;2025-01-21T01:43:18;2025-01-20T14:40:16;gosh swordfish twine;3132;unabashedly;yowza;eek;p;where needily makeov;2025-01-20T19:01:15;huzzah;24531.64;before inasmuch;as;boastfully eek hm;uh-huh bestride;gastrop;um seldom strict;punctually so;pish;elegantly square;source consequently;2259.13;preclude;2025-01-20T15:00:58;6187.24;shred tail;2025-01-21T06:29:53;22081.17;13849.39;frenetically;jubilantly;hypothesise unless ack;7886.79;22195;aw functional giggle;1592.2;unless;without;8619.44;paralyse;what;18074.06;benea;9464.49;punctuation meh;management prance;rationale circumnavigate;2025-01-20T23:00:52;2025-01-20T13:20:20;2025-01-20T22:08:47;helpfully;maroon;brochure for so;likewise fortunately digestive;9188.61;mature lava ideal;2025-01-20T21:53:49;forceful
5;expense sightseeing;readily guil;yet oh;unto;scarily br;leading aha;d;w;3869;12807;2025-01-21T07:51:11;22795;modulo unnaturally swing;zowie parallel;u;2025-01-21T07:38:20;2025-01-20T09:22:22;12971.48;brilliant rightfully;2025-01-21T06:28:42;30760.95;notwithstanding;2025-01-21T05:39:03;considering;fully;wrongly dazzling amidst;2025-01-20T19:00:34;quaintly awareness whoever;who;properly slow;25554.81;selfishly whenever round;1635.22;parallel aw;2025-01-20T12:10:15;24847.75;synergy happy-go-lucky zesty;2025-01-20T10:42:20;likewise sense;until lovable putrid;15936.5;blah capsize tensely;though;surprisingly boohoo experience;2025-01-20T22:17:21;redress against premier;4749.72;absent indeed;howl;gah;2025-01-20T20:59:57;2025-01-21T05:01:50;scarily;13933;where which priesthood;to;astride absent techn;g;but absent frequent;2025-01-20T20:50:05;quickly;19960.6;gadzooks bleakly;stay lovingly collectivization;longingly lined;showboat;exacerb;near wombat;bind;drug physically;brr;which realistic disk;3090.97;custody smooth beneath;2025-01-20T22:29:51;8943.87;bleakly observe;2025-01-20T19:41:30;1614.3;21844.16;smooth but smug;shrilly fun;likewise redress hmph;5915.46;26976;if;23517.02;yahoo;fine soon;785.85;save unbearably mainstream;um mentor;150.54;yowza;25672.48;meanwhile supposing;dull unfit;harmful phooey apropos;2025-01-20T13:35:37;2025-01-20T19:40:27;2025-01-21T05:15:10;over;cross-contamination;busily corporation;stay esteemed whitewash;7391.05;off;2025-01-20T11:08:10;even optimistically
6;off amendment;anti pointle;pocket-watch buttery pretty;who onto even;godparent ;management hm;g;m;6013;11588;2025-01-20T12:59:54;29496;round from the;consequently;m;2025-01-20T10:14:14;2025-01-21T05:31:58;25870.24;dual;2025-01-20T17:47:51;2949.99;low zany;2025-01-20T13:02:27;defiantly awkwardly dual;ape beyond blah;pro ack;2025-01-20T11:21:04;modulo;stoop aha pike;shred dampen;14757.91;expense uncommon;10061.02;ha;2025-01-20T17:49:54;10585.12;providence forgo;2025-01-21T02:43:58;essential;hmph as;17891.14;since glass;finally vaguely calmly;angrily;2025-01-20T09:22:18;while;16259.33;focused;assail;extremely oddball pop;2025-01-21T01:39:59;2025-01-20T19:42:59;seldom aw for;17281;siege tighten;amnesty gently;sprinkles;y;by;2025-01-20T18:45:50;fraudster freckle foretell;20309.5;ha;birth light;provided quash;footrest;afore;ugh gratefully;bowed that;farm whoever phooey;schematise cautious beyond;mmm heavily;23987.5;zealous sentimental;2025-01-20T19:26:20;23536.7;bah before;2025-01-21T04:16:09;11627.23;15143.5;garrote hm venture;pfft;yuck epic;10777.91;8714;into meh;17971.85;decriminalize oh;explode;13687.46;whoa swerve swing;gasp yahoo fragrant;143.94;gener;18733.43;now platter;over ameliorate;stylish;2025-01-21T01:26:36;2025-01-21T05:43:17;2025-01-20T13:28:13;ack ouch;gah;um;doubter;6561.37;wrathful same;2025-01-20T19:34:28;decryption
7;now terrible ugh;inasmuch rip;rejigger hm darling;above a fairly;furthermor;oxygenate whoever;b;u;21164;23705;2025-01-20T18:43:13;3588;astride huzzah shadowbox;as up;p;2025-01-21T01:44:02;2025-01-20T08:59:17;4541.95;regularly lovingly;2025-01-20T14:32:45;2977.34;wherever;2025-01-20T09:17:43;worth;crystallize how indeed;jive;2025-01-21T07:04:54;smoothly since;newsletter flowery above;wound;23200.49;phew whenever;29762.48;jittery although godfather;2025-01-21T07:49:50;28087.98;sequester border although;2025-01-20T18:01:44;dislocate straight w;yum;7830.28;incidentally inside;midst;consequently jealously woot;2025-01-20T18:12:15;starch;28171.76;override;lined;kielbasa eek;2025-01-20T19:09:24;2025-01-21T02:18:05;badly flawed off;22824;super pendant creaking;gosh huzzah for;lean;c;frenetically;2025-01-20T09:13:47;underneath almost;1904.66;amongst international scoop;who;opposite hmph;against transplant lest;nor sav;hence;drat apud haunting;lest murky;boohoo remarkable;bran for descent;23343.36;till tray moment;2025-01-20T10:30:33;31760.01;which dredger how;2025-01-21T03:16:45;15452.33;30810.19;tiny although merry;inside expense abnormally;of;28710.04;1443;yum if;8353.11;ha while soup;oh well-documented;12340.89;ugh furthermore;although;22051.46;fishe;3223.79;antique;a shush;persecute hefty;2025-01-20T12:55:31;2025-01-20T20:52:20;2025-01-20T13:22:37;while mmm;hm dramatize;beard hunger;mid fictionalize until;30484.18;soulful;2025-01-21T05:41:21;besides lest
8;victoriously cop-out;woot filthy ;ha blossom;out;selfish br;roasted onto;t;p;9056;26862;2025-01-20T22:51:56;22901;cemetery larva cosset;warm suspiciously instantly;w;2025-01-20T22:17:58;2025-01-20T22:25:09;8279.66;evenly;2025-01-20T18:29:09;29946.61;an between;2025-01-21T08:05:57;decongestant hm once;widow lace at;violently;2025-01-21T08:13:55;the;pronoun;hmph and;5854.35;tasty opera evenly;1067.42;fooey revere since;2025-01-20T09:03:39;1275.13;pish outside for;2025-01-20T20:16:17;observe;though;2902.62;arrange;gadzooks;louse unexpectedly through;2025-01-21T07:19:59;squeaky rapidly over;13356.08;as finally kiddingly;swordfish starboard;yet ouch gadzooks;2025-01-20T23:41:49;2025-01-20T21:26:09;howl phew hm;3269;kooky triumphantly;admired;knottily before;a;briefly noisily;2025-01-20T14:01:41;charlatan er helpfully;7971.85;save;because;like whenever;orientate depart;whose d;confound finding finally;ignorance cow yippee;phew thrifty own;opposite over loose;director;32233.16;innocently;2025-01-20T11:43:55;19525.26;hmph preregister;2025-01-20T14:03:21;22128.75;27583.03;zowie rudely;pace aw;supposing striking jellyfish;6399.54;24543;ugh;18479.89;mmm standard interesting;consequently during;25762.19;gosh phooey bitterly;unlike joyously;25845.05;untri;3371.88;classic woot;brr relieve onto;soulful;2025-01-20T23:42:34;2025-01-21T01:55:30;2025-01-21T08:54:07;stool finally verify;coaxingly;settle;indeed excluding;27654.69;as;2025-01-20T19:20:57;delightfully
9;duh sew;jovially yum;because damaged against;upright rewrite;since;unnecessarily impeccable whose;c;i;28034;25962;2025-01-20T22:01:56;12467;familiarize;impressive;r;2025-01-20T18:25:28;2025-01-20T09:32:44;6284.46;zowie if;2025-01-21T05:41:12;12599.16;up legend blaspheme;2025-01-21T08:32:58;pause quarrelsomely;loudly pave;rewarding phooey;2025-01-21T08:50:10;ah given but;account;while fortunately athwart;20773.97;joshingly more drat;11948.72;presell quaintly;2025-01-21T03:52:30;22971.17;plan after brown;2025-01-20T17:10:33;mash honorable;repeatedly angrily s;18869.7;until;spirit blah why;arrogantly;2025-01-20T14:46:03;pave once;13422.81;instead;cop-out irritably;wholly the for;2025-01-21T03:03:37;2025-01-20T09:20:34;bah meh;27181;past given;technologist;not meaty ouch;v;taut reconstitute;2025-01-21T02:20:57;rust affiliate;23347.78;swim nor bah;wildly furthermore mobility;bah whereas;term arbitrate;quick-w;pupil if if;finally deduct oh;aside printer fedora;feminize;intensely hence eventually;31021.54;for canter;2025-01-20T11:55:11;23486.34;diligently times yowza;2025-01-21T00:36:45;15756.59;20182.87;dwell;fervently;although;25206.86;1398;pro circa;23350.47;papa indeed nauseate;yearn teammate fooey;17797.87;failing;platypus amidst pack;27728.35;how p;5725.01;editor;cake;gee interior;2025-01-20T23:45:49;2025-01-20T22:20:30;2025-01-21T02:28:40;afterwards;denitrify;whoa quaff tooth;tomorrow;11615.41;aboard woefully;2025-01-21T03:13:23;round
10;log climb;amidst needy;likely;qua gentle redact;hm geez;why option;o;a;23839;17390;2025-01-20T22:29:34;23467;longingly optimistically;tomorrow wetly flint;s;2025-01-20T09:05:56;2025-01-21T06:28:06;24945.03;zowie;2025-01-21T05:20:01;11349.41;ack exonerate hefty;2025-01-20T13:56:00;foot;except who;boldly oh seemingly;2025-01-20T12:54:02;so;curiously;if discrete;14069.55;merrily in boulevard;2273.37;now miskey;2025-01-20T16:18:58;27181.66;gadzooks subdued;2025-01-21T07:16:49;kettledrum;obesity as demonstra;14193.5;ugly hyena;awareness quarrel pronoun;saloon too;2025-01-21T00:17:46;outside more inasmuch;27508.43;finer lace;some commonly put;apud plus than;2025-01-20T11:09:32;2025-01-20T23:57:25;nor french;18240;queasily;investigate aw;advanced underneath;a;unexpectedly colour ;2025-01-20T13:46:54;or whose overcooked;21443.9;even settle;distinct amidst plain;including brr gurn;barracks;meager ;within;hmph catalyze ha;yahoo;gah whereas by;about tense;2607.14;sparkling when;2025-01-20T16:16:33;16817.18;dwell genuine;2025-01-20T19:24:49;24373.98;29458.91;for artistic;bowed until well-worn;healthily provided;29931;5459;seriously separately misreport;26441.24;barring aboard;digitize;21460;fooey selfish mmm;now gosh yahoo;927.19;hmph ;27445.23;eulogise petal assured;certainly;kaleidoscopic in-joke below;2025-01-21T01:19:34;2025-01-20T20:26:31;2025-01-21T08:44:32;rarely defensive grim;bah geez general;yippee;subdued until ouch;7213;yahoo embody gah;2025-01-21T02:04:36;saw mosh
