id;t_rndatetime;p_honenumber;t_ransactionno;a_ccountnumber;m_essage;c_hannel;t_rials;p_riority;r_esponsecode;r_esponsemsg;s_ent;d_elivered;t_xntype;e_rrorexception;d_atecreated;d_atesent;r_tpsreqtime;f_xgenerated;t_axprocessed;b_atchnumber;b_atchnumbertax;r_esponsetime;p_duseqid;r_emarks;r_esendby
1;2025-01-17T04:18:12;questionably;creator substantiate but;quarrelsomely rudely phooey;in grandpa favorite;stable duh;6640;14415;sedi;valley;7463;13968;aha debut;11531;2025-01-17T06:44:17;intense;rotten;transparency;26759;yuppify limply because;that;boohoo;amongst blowgun;inasmuch searchingly scoop;mountain
2;2025-01-16T19:06:33;provided speedily whoever;brr;keenly;defensive igloo jeopardise;discrete monthly;1448;28927;astr;onset boohoo more;9785;735;though permafrost;15608;2025-01-17T10:57:43;pretend;fog;strange;13743;commemorate habit kiddingly;on;blossom until ah;within geez;gracefully joyfully;league white off
3;2025-01-16T20:41:44;behind monster why;slow;inasmuch deflect;and;meh forsaken;18468;3356;geez;seriously;29910;20196;greedy whoever;8487;2025-01-16T22:01:33;greatly;um fumigate;that bah joshingly;3771;circle allocation shady;bowling shrilly;troubled tarragon masquerade;readmit more;fooey;afore colossal
4;2025-01-17T01:26:36;father;past playfully cycle;waterlogged;fuss castanet;verify making sanity;8411;10527;glim;aw shakily excitable;1635;32132;consequently whose carouse;31730;2025-01-16T17:03:02;ugly;oddball clearly wretched;when;4566;anxiously;quarrelsomely um;how;um unwilling;gee;opposite sightseeing internationalize
5;2025-01-16T19:35:29;blah opposite;after;safely given ugh;um;where;27164;28972;more;and sizzling;28048;7448;stunning wrong;22889;2025-01-16T15:13:13;house p;sharply worriedly;sticker;30690;sweetly considering supposing;tighten but;colonialism;after buck furthermore;mom all;gadzooks sashay shred
6;2025-01-17T06:09:21;populist regarding excitedly;with whereas;deficient definitive;oh;place delight subsidy;12164;16721;cop-;extension broadcast;30802;28336;failing;4884;2025-01-17T03:14:20;further;far dense whoa;enfold miskey;16559;catalog because;especially gaseous submissive;pish helplessly;injunction;so certainly impish;husband inasmuch
7;2025-01-17T07:30:33;yuck;noon ah at;handful indeed brr;freely aside readies;fairly as;17819;20467;fool;boo even;29287;8882;to;13899;2025-01-16T19:36:24;ferret ;for;badly urban;23724;hm suspiciously rally;fluff;rapidly;because;on especially;duh keenly
8;2025-01-16T15:59:15;under ugh;throughout meanwhile pfft;modulo;er mealy antelope;alongside clonk until;32298;14543;unde;outlying part;24416;8509;blah lazy ocelot;16248;2025-01-16T21:35:04;insolen;reprove detective;minus;26158;pretty bright;collaborate um yesterday;unit sinful;nerve yuck;shark;uh-huh fervently toward
9;2025-01-17T06:19:28;imagineer quarrelsomely;merrily mysteriously rare;less huzzah whether;hastily rebuke switch;per barring mouser;2469;3799;alth;warming wonderfully;32744;7727;furthermore malfunction practical;893;2025-01-16T14:42:28;elevati;inasmuch incidentally stay;someplace frankly hm;28777;cheerful sashay;meh slimy;innovation why blah;neck past;throughout unhealthy whoa;wavy
10;2025-01-17T08:17:52;worldly till;although whoever;culminate neglect willfully;schlep starboard;unfortunately although;24840;13697;rise;joyful towards operating;27494;16071;boohoo natural;26242;2025-01-17T14:05:03;thick a;armchair;questioningly offset;4932;urgently;surprise;limited;ouch what;yogurt;elevator pfft
