id;m_obilenumber;a_ccountno;c_urrency;c_if;r_equesttype;r_equestcharge;r_equeststatus;d_aterequested;t_rnrefno;n_oofbooks;n_oofleaves;a_pproved;c_hannel;a_pprovedby;a_pprovedon;c_heckerremarks;r_espcode;r_espdescription;d_ateresponded;c_ustomername;r_ejected;r_ejectedby;r_ejectedon
1;warmhearted interest;vulgarise murky;replicate ;scholarship focalise fond;card direct;21897.02;circular;2025-01-16T16:57:10;where blah considering;26703;who mummify geez;7362;searchingl;between;2025-01-16T23:55:55;mid woefully;after splosh;rightfully;2025-01-16T15:28:32;hm;4297;twist while;2025-01-16T16:52:14
2;besmirch wonderful c;likewise colorfully;yearningly;overconfidently qualified;fence archive fooey;31628.13;mash;2025-01-17T10:24:41;oxidise;11841;pish fervently;26692;hm gadzook;questioningly;2025-01-16T14:41:02;legitimize blah;boohoo bolster;where ah;2025-01-17T02:44:17;supplier total;4583;develop unfortunately gah;2025-01-16T22:07:40
3;phooey whereas;drat junior;summer sma;elderly;for mobility;30235.32;instead re;2025-01-17T00:19:22;orderly editor concerning;12083;avow sport;15351;entice jur;unimpressively or;2025-01-17T01:08:57;lovely costume as;past ouch;grouchy gadzooks whimsical;2025-01-16T17:54:59;viciously ick;18415;finger;2025-01-17T09:50:00
4;minister round;vastly;hovercraft;indeed;unless;23022.73;pish nice;2025-01-16T18:17:12;ameliorate;2364;traditionalism a;21492;likable po;smoothly developmental;2025-01-16T18:46:19;inside boo;openly sniveling awa;upon and;2025-01-17T14:09:46;provision normal;1188;physically optimistic;2025-01-16T20:24:11
5;annually confusion m;about;intend shr;hm;zowie crowded soon;22766.71;acknowledg;2025-01-17T12:18:57;embed;22505;convalesce aw massage;2890;sediment o;bonfire though chapel;2025-01-17T05:05:42;beneath familiarize silky;zany adventurously r;eek;2025-01-16T19:52:40;refer defrag;20539;rectangular drat;2025-01-17T10:29:15
6;while wherever;mmm gulp aboard;illustriou;more;rejigger wasteful;3513.83;mechanical;2025-01-17T12:21:15;keenly;11159;splash follower;13088;emboss whe;importance legal;2025-01-17T06:06:38;what pave;deadly;through;2025-01-17T09:41:01;frenetically;6314;meh;2025-01-16T20:07:50
7;yuppify potentially ;opposite hawk;aha lounge;wilt when vice;customise tattered;28359.74;deck yahoo;2025-01-16T19:12:22;reassemble whose restaurant;4330;aw lest;10579;limply ste;spectate boo;2025-01-17T06:24:04;venture snoop;afterwards new;discrete regarding;2025-01-17T00:26:10;amid rosin;1125;against;2025-01-16T19:58:04
8;shiny;nephew besides;gnaw idle ;cash after outside;preheat;30716.91;oh or;2025-01-17T03:41:54;writ;6693;because;16752;whoa;yowza reconsideration;2025-01-17T04:45:49;overspend;gentle technician;tiny convoke adjourn;2025-01-16T22:42:21;ugh;22599;paltry arrogantly;2025-01-16T22:06:23
9;yippee;bah approximate by;though inc;however;customise engage yowza;26894.64;standard y;2025-01-17T08:44:22;goose;23438;minor gestate;2770;provided g;geez dramatic overcooked;2025-01-17T01:28:08;meanwhile pertain stealthily;orchid vary amidst;furthermore hm seemingly;2025-01-17T09:55:36;diligently;1899;briskly whose barring;2025-01-16T18:17:23
10;scorn compete near;but denitrify;legitimize;limply infatuated between;worthless near;28823.01;yet beside;2025-01-16T15:43:18;brood plagiarise;6214;maul out;16747;across opt;tensely;2025-01-17T03:02:31;hassle;but;why;2025-01-17T04:27:53;smug;14181;blight option claw;2025-01-17T08:19:24
