id;p_rocessed;i_ncomingbitmap;o_utgoingbitmap;i_nmessage;m_essagetocbs;m_essagefromcbs;c_bsprocess;c_bsonline;c_bsresponse;r_esponsemessage;r_esponsesent;c_hannel;o_riginaldata;f_ield_39_resp;n_arration;a_uthorised;b_ranchcode;f_ield_39_original;m_essageclass;t_xncode;c_urrcode;d_evice;b_ranch_2;long_erbranch;d_atex;t_imex;p_osted;a_ttempts;o_riginaldata_2;c_ommission;r_esponsecreated;o_nline;o_riginaldata_3;t_oswitch;f_romswitch;t_ocbs;f_romcbs;p_ostinglegs;c_ommissiontxncode;h_ostref;r_equestcreated;r_equestmessage;o_utgoingbitmapflex;i_ncomingbitmapflex;r_equestsent;m_inicbs;r_eversed;o_fflinesenttohost;o_fflineresponse;s_ource_long_erface;m_tirrn;h_ostresponsecode;f_ield_48;s_ource
1;5788;boohoo;worth factorise;supposing;bravely zowie;fork dull;21033;32207;apud;instead;24990;yowza searchingly re;limited until prance;definitive upside-down;for instead interestingly;13693;retract once duh;excepting;numb;consequent;given;modulo;as hm;12043;2025-01-16T18:27:40;hm;2918;6985;youthfully;21526;20058;8890;healthily;which pant upse;now savour fain;reassuringly be;trust;20363;given;silent;1500;vanadyl;delightfully;indeed to mortally;12200;7223;8209;4968;release plus chunter;for suckle;kookily;shirk solemnly reference;over diver;incidentally with oddly
2;4081;wasabi where vicinity;ugh blissfully electric;dish provided;on till separately;insolence or with;4930;31449;softly;ah;9590;loyally;unexpectedly whether;vice deceivingly;vein willing;28469;damaged as giggle;snowplow ouch harangue;scout;bliss friz;for;lashes upon elegantl;likewise pneumonia essential;13279;2025-01-17T11:17:26;kookily;30080;18869;that gladly wallaby;27030;8071;14810;crazy hydrolyse;but pacemaker;darling ick;diver antagoniz;husky ceramic;383;anti witho;issue nasalise provided;23311;yowza;gah;coaxingly ew;13506;24040;3161;6758;unique;across ha;eggplant;provided marathon bah;amongst below invite;grumpy
3;11752;furthermore;fort finally reschedule;than beret yellow;pace unhappy clamour;whose;31246;13420;blight;surprisingly;4577;synthesise;reckon zany;wherever about;yippee;10456;bowed illiterate entomb;vaguely;anesthetiz;perfumed a;astri;quarrel wilderness m;excluding brandish ugh;287;2025-01-17T03:06:10;worldly;22366;19503;merit doubter;11071;8737;3944;yuck ha cork;pulse pupil del;publicity;tank;abnormally what;6113;dependent;but atop impractical;9490;brr wetly bracelet;elevation spiteful metabolite;fellow grim gadzooks;6637;28795;18882;28137;ring beyond;futon;even provided outflank;boo;since;ostrich other
4;30717;average char;woot iridescence gadzooks;fairly honestly;promise despite across;worth sermon;23687;13351;huzzah unless refer;fleck exonerate;17093;during unfurl gleefu;greedy considering queasily;exactly toward soon;unexpectedly gentle;10706;or athwart;ouch angrily goodwill;yum woot s;bootleg bo;switc;underneath;anti;25593;2025-01-16T21:55:23;under twin so;22810;23047;ah;5763;23609;19347;frenetically as;hastily;excluding and;whereas onto wh;ah good;18057;co-produce;ha athwart;25551;curiously gah oh;pish while phew;upset;28456;12581;26259;9546;construe by furthermore;pro;rationalize blah;papa;warm considering and;impure
5;21882;oof duh;brr biodegrade;interestingly;barring;out;28913;30804;shrill thankfully;now aw;28514;pish er;awkwardly;hungrily injunction;oof;10686;since mouser limp;adventurously coaxingly oh;gadzooks g;disposer d;mid n;enormously heavy unl;yet;12554;2025-01-17T00:43:01;versus yak;20752;1609;case yahoo;5474;1547;14802;phooey gloss pish;hm;ack while;rationalise tha;cosset peony;17667;boo;daily;22820;boo on state;farm popularity who;hidden detain and;9755;19852;15486;23632;e-mail;after boss;since;truthfully revitalise upon;consequently ouch;rival an
6;22137;snarling vice;spring aboard deceivingly;gad;beside furthermore and;failing weighty stir-fry;12807;4496;calculus;and monthly;24709;austere against disc;now whoever;zowie;pro within wholly;11935;where rear;ugh small intensely;tricky nor;during whi;bossy;blah;however;23713;2025-01-17T10:43:25;stir-fry;13077;5035;confide tremendously;16255;21154;23042;after;phew badly gym;whoever;save;unlearn meadow;27927;instead yu;hunger;9454;outrun;insist;community the char;31065;1394;5444;28625;broadside beret though;unto;failing unfinished;bah acceptable;as archive;even going
7;5695;window;yippee or equally;tighten assist yum;masticate that maestro;hover waver;2043;6445;squeaky boo;armoire fooey;27099;boastfully;striking;materialise yippee;juicy;31507;bah weighty incomplete;intently;who anenst;by poorly;under;reapply;old-fashioned avow;17276;2025-01-16T20:36:43;all;5063;20748;blah past acclaimed;15252;19735;12700;splurge;character;ah uh-huh sedim;meander till;yum;29961;confute;ill;28958;yippee clearly;log;beautifully;15;10844;29739;350;in;dimly;wee wasabi;yowza boohoo;modulo bobble;unblinking coaxingly
8;26629;meadow;immaculate aha;victoriously splay;cycle aggravating;packaging unless;28974;29452;dependent sonar flash;peter;22589;phew cheerfully yawn;than finally bitterly;calculating aching;aside however singing;14098;sympathetically psst frantical;patiently whoa which;council an;following ;quest;down trained sans;boggle management haul;11287;2025-01-17T13:46:19;incidentally tight;20566;10408;carp;8749;31409;29330;conversation;zowie;beyond obedienc;to curl;wide-eyed pfft ;6548;uproot suf;duh;12627;pfft;demob vice;ponder;23801;8273;857;24026;rationale accompanist;meadow hmph;phooey bitterly;colligate brr;modulo meanwhile stupendous;fidget past phew
9;1962;restfully because;afore blah daily;overdub motivate;boohoo;yummy yowza gray;12576;24515;conservative massage;cheerfully above;25606;embody;carefully whereas;closely circa oil;mmm;21067;accentuate verbally;political;shoulder;butter ice;zowie;writ along;whoever storyboard;22418;2025-01-16T22:53:13;incidentally;15458;7465;properly yowza miserable;22773;22927;31118;woot haze;if married;lavish mentor;whereas;upon sandy ouch;9533;pension wa;yum step deploy;12948;beside supposing gloat;legal zowie behind;finally;18594;22774;11257;28744;ha passionate;well-off;forage;snow vibrant;afore;thoughtfully fabricate stack
10;303;whoa plus;boo;reluctantly;throughout motor;what;19899;1840;less properly shaft;unscramble;9448;knottily;as;what which;why ideal than;30427;upon fortunate calculus;yum hairy longingly;notwithsta;what;rosin;whereas failing hm;repentant huzzah mmm;30917;2025-01-16T18:50:52;daily;12282;4864;glossy;11337;2697;6061;through;lest treble;twist throughou;schematise;ick;13043;license;outfit;6357;since incline;woot;twist boohoo smoggy;32156;11366;16710;17128;only gee;founder psst yuck;affectionate;jagged um;finally against;wonderfully helpless
